<?xml version="1.0"?>
<PluginConfig>

    <Field id="infoLabel0" type="label" fontColor="black" fontSize="regular">
        <Label>Matplotlib Charting Plugin - Developed by DaveL17</Label>
    </Field>
    <Field id="space0" type="label"/>
    <Field id="separator0" type="separator"/>

<!-- Hidden controls -->
    <!-- The DPI warning flag is used to alert the user that selecting a DPI value that's too low will produce subpar results. The checkbox is used to
         allow a warning to be displayed but then also allow the user to save the value if they still want to. -->
    <Field id="dpiWarningFlag" type="checkbox" hidden="True">
        <Label>Hidden</Label>
        <Description>Enable/Disable</Description>
    </Field>
    <!-- The enableCustomColors flag element is set in the advanced settings menu. -->
    <Field id="enableCustomColors" type="checkbox" defaultValue="false" hidden="True">
        <Label>Hidden</Label>
        <Description>Enable/Disable</Description>
    </Field>
    <!-- The enableCustomLineSegments flag element is set in the advanced settings menu. -->
    <Field id="enableCustomLineSegments" type="checkbox" defaultValue="false" hidden="True">
        <Label>Hidden</Label>
        <Description>Enable/Disable</Description>
    </Field>
    <!-- The promoteCustomLineSegments flag element is set in the advanced settings menu. -->
    <Field id="promoteCustomLineSegments" type="checkbox" defaultValue="false" hidden="True">
        <Label>Hidden</Label>
        <Description>Enable/Disable</Description>
    </Field>
    <!-- The logEachChartCompleted flag element is set in the advanced settings menu. -->
    <Field id="logEachChartCompleted" type="checkbox" defaultValue="true" hidden="True">
        <Label>Hidden</Label>
        <Description>Enable/Disable</Description>
    </Field>
    <!-- The snappyConfigMenus flag element is set in the advanced settings menu. -->
    <Field id="snappyConfigMenus" type="checkbox" defaultValue="true" hidden="True">
        <Label>Hidden</Label>
        <Description>Enable/Disable</Description>
    </Field>
    <!-- Chart Output Location -->
    <Field id="dataPath" type="textfield" defaultValue="/Library/Application Support/Perceptive Automation/Indigo 7/Logs/com.fogbert.indigoplugin.matplotlib/"
           tooltip="Enter the path to the folder where you want to store your charting data.">
        <Label>Save Data Files To:</Label>
    </Field>
    <Field id="chartPath" type="textfield" defaultValue="/Library/Application Support/Perceptive Automation/Indigo 7/IndigoWebServer/images/controls/static/"
           tooltip="Enter the path to the folder where your charts should be saved.">
        <Label>Save Images To:</Label>
    </Field>
    <!-- Refresh Interval -->
    <Field id="refreshInterval" type="menu" defaultValue="900" tooltip="How frequently you would like the plugin to redraw the charts.">
        <Label>Refresh Interval:</Label>
        <List>
            <Option value="60">Every Minute</Option>
            <Option value="300">Every 5 Minutes</Option>
            <Option value="600">Every 10 Minutes</Option>
            <Option value="900">Every 15 Minutes</Option>
            <Option value="1800">Every 30 Minutes</Option>
            <Option value="3600">Every Hour</Option>
            <Option value="86400">Every Day</Option>
        </List>
    </Field>
    <!-- Chart Resolution -->
    <Field id="chartResolution" type="textfield" defaultValue="100" tooltip="Enter your preference for the resolution of your chart in DPI (100).">
        <Label>Resolution:</Label>
    </Field>
    <!-- Rectangular Charts -->
    <Field id="rectChartLabel" type="label" fontColor="black" fontSize="regular" alignText="right">
        <Label>Rectangular Charts (Standard)</Label>
    </Field>
    <Field id="rectChartSeparator" type="separator"/>
    <!-- Chart Height -->
    <Field id="rectChartHeight" type="textfield" defaultValue="250" tooltip="Enter your preference for the height of your chart in pixels (250).">
        <Label>Chart Height:</Label>
    </Field>
    <!-- Chart Width -->
    <Field id="rectChartWidth" type="textfield" defaultValue="600" tooltip="Enter your preference for the width of your chart in pixels (600).">
        <Label>Chart Width:</Label>
    </Field>
    <!-- Rectangular Charts Extra Wide-->
    <Field id="rectChartWideLabel" type="label" fontColor="black" fontSize="regular" alignText="right">
        <Label>Rectangular Charts (Extra Wide)</Label>
    </Field>
    <Field id="rectChartWideSeparator" type="separator"/>
    <!-- Wide Chart Height -->
    <Field id="rectChartWideHeight" type="textfield" defaultValue="250" tooltip="Enter your preference for the height of your chart in pixels (250).">
        <Label>Chart Height:</Label>
    </Field>
    <!-- Wide Chart Width -->
    <Field id="rectChartWideWidth" type="textfield" defaultValue="1000" tooltip="Enter your preference for the width of your chart in pixels (1000).">
        <Label>Chart Width:</Label>
    </Field>
    <!-- Square Charts -->
    <Field id="sqChartLabel" type="label" fontColor="black" fontSize="regular" alignText="right">
        <Label>Square Charts</Label>
    </Field>
    <Field id="sqChartSeparator" type="separator"/>
    <!-- Chart Height -->
    <Field id="sqChartSize" type="textfield" defaultValue="250"
           tooltip="Enter your preference for the size of your chart in pixels (250). The value will be used for both height and width.">
        <Label>Chart Size:</Label>
    </Field>
    <Field id="chartPropsLabel" type="label" fontColor="black" fontSize="regular" alignText="right">
        <Label>Chart Properties</Label>
    </Field>
    <Field id="chartPropsSeparator" type="separator"/>
    <!-- Main Font Style -->
    <Field id="fontMain" type="menu" defaultValue="Arial" tooltip="Select preference for the font of your chart.">
        <Label>Font:</Label>
        <List class="self" filter="" method="getFontList" dynamicReload="true"/>
    </Field>
    <!-- Font Color -->
    <Field id="fontColor" type="menu" defaultValue="#FFFFFF" tooltip="Select preference for the color of your chart's text.">
        <Label>Font Color:</Label>
        <List class="self" filter="" method="getColorList"/>
    </Field>
    <!-- Custom Font Color -->
    <Field id="fontColorOther" type="textfield" defaultValue="#FFFFFF" visibleBindingId="fontColor" visibleBindingValue="custom"
           tooltip="Enter your preference for the color of your chart's text. The value must be in the form of an hex color (#FFFFFF).">
        <Label>Hex:</Label>
    </Field>
    <!-- Font Color for Annotations -->
    <Field id="fontColorAnnotation" type="menu" defaultValue="#FFFFFF" tooltip="Select preference for the color of your chart's annotation text.">
        <Label>Annotation Color:</Label>
        <List class="self" filter="" method="getColorList"/>
    </Field>
    <!-- Custom Annotations Color -->
    <Field id="annotationColorOther" type="textfield" defaultValue="#FFFFFF" visibleBindingId="fontColorAnnotation" visibleBindingValue="custom"
           tooltip="Enter your preference for the color of your chart's annotations. The value must be in the form of an hex color (#FFFFFF).">
        <Label>Hex:</Label>
    </Field>
    <!-- Main Font Size -->
    <Field id="mainFontSize" type="menu" defaultValue="10" tooltip="Enter your preference for the title font size of your chart (integer).">
        <Label>Title Font Size:</Label>
        <List class="self" filter="" method="getFontSizeList"/>
    </Field>
    <!-- Tick Font Size -->
    <Field id="tickFontSize" type="menu" defaultValue="8" tooltip="Enter your preference for the tick font size of your chart (integer).">
        <Label>Tick Font Size:</Label>
        <List class="self" filter="" method="getFontSizeList"/>
    </Field>
    <!-- Tick Color -->
    <Field id="tickColor" type="menu" defaultValue="#888888" tooltip="Select preference for the color of your chart's ticks.">
        <Label>Tick Color:</Label>
        <List class="self" filter="" method="getColorList"/>
    </Field>
    <!-- Custom Tick Color -->
    <Field id="tickColorOther" type="textfield" defaultValue="#888888" visibleBindingId="tickColor" visibleBindingValue="custom"
           tooltip="Enter your preference for the color of your chart's ticks. The value must be in the form of an hex color (#FFFFFF).">
        <Label>Hex:</Label>
    </Field>
    <!-- Tick Size -->
    <Field id="tickSize" type="menu" defaultValue="4" tooltip="Select preference for the size of the major tick marks. The minor ticks will be half as tall.">
        <Label>Tick Size:</Label>
        <List>
            <Option value="0">0</Option>
            <Option value="1">1</Option>
            <Option value="2">2</Option>
            <Option value="3">3</Option>
            <Option value="4">4</Option>
            <Option value="5">5</Option>
            <Option value="6">6</Option>
            <Option value="7">7</Option>
            <Option value="8">8</Option>
        </List>
    </Field>
    <!-- Background Color -->
    <Field id="backgroundColor" type="menu" defaultValue="#000000" tooltip="Select preference for the background color of your chart.">
        <Label>Canvas Color:</Label>
        <List class="self" filter="" method="getBackgroundColorList"/>
    </Field>
    <!-- Custom Background Color -->
    <Field id="backgroundColorOther" type="textfield" defaultValue="#000000" visibleBindingId="backgroundColor" visibleBindingValue="custom"
           tooltip="Enter your preference for the background color of your chart. The value must be in the form of an hex color (#FFFFFF).">
        <Label>Hex:</Label>
    </Field>
    <!-- Plot Area Color -->
    <Field id="faceColor" type="menu" defaultValue="#000000"
           tooltip="Select preference for the plot area color of your chart. Note that this only affects the plot area and any selected canvas color will display.">
        <Label>Plot Area Color:</Label>
        <List class="self" filter="" method="getBackgroundColorList"/>
    </Field>
    <!-- Custom Plot Area Color -->
    <Field id="faceColorOther" type="textfield" defaultValue="#000000" visibleBindingId="faceColor" visibleBindingValue="custom"
           tooltip="Enter your preference for the plot area color of your chart. The value must be in the form of an hex color (#FFFFFF).">
        <Label>Hex:</Label>
    </Field>
    <!-- Spine Color -->
    <Field id="spineColor" type="menu" defaultValue="#888888" tooltip="Select preference for the color of your chart's spines.">
        <Label>Spine Color:</Label>
        <List class="self" filter="" method="getColorList"/>
    </Field>
    <!-- Custom Spine Color -->
    <Field id="spineColorOther" type="textfield" defaultValue="#888888" visibleBindingId="spineColor" visibleBindingValue="custom"
           tooltip="Enter your preference for the spine color of your chart. The value must be in the form of an hex color (#FFFFFF).">
        <Label>Hex:</Label>
    </Field>
    <!-- Grid Color -->
    <Field id="gridColor" type="menu" defaultValue="#888888" tooltip="Select preference for the color of your chart's grids.">
        <Label>Grid Color:</Label>
        <List class="self" filter="" method="getColorList"/>
    </Field>
    <!-- Custom Grid Color -->
    <Field id="gridColorOther" type="textfield" defaultValue="#888888" visibleBindingId="gridColor" visibleBindingValue="custom"
           tooltip="Enter your preference for the grid color of your chart. The value must be in the form of an hex color (#FFFFFF).">
        <Label>Hex:</Label>
    </Field>
    <!-- Grid Style -->
    <Field id="gridStyle" type="menu" defaultValue=":" tooltip="Select preference for the style of your chart's grids.">
        <Label>Grid Style:</Label>
        <List class="self" filter="" method="getLineList"/>
    </Field>
    <!-- Line Weight -->
    <Field id="lineWeight" type="textfield" defaultValue="1.0" tooltip="Enter the weight for all graph lines as a positive float(1.0).">
        <Label>Line Weight:</Label>
    </Field>
    <Field id="separator02" type="separator"/>
    <Field id="updaterEmailsEnabled" type="checkbox" defaultValue="false">
        <Label>Email Update Notifications:</Label>
    </Field>
    <Field id="updaterEmail" type="textfield">
        <Label>Email:</Label>
    </Field>
    <Field id="showDebugLevel" type="menu" defaultValue="30" tooltip="Controls the amount of debug information written to the log.">
        <Label>Debug level:</Label>
        <Description/>
        <List>
         <Option value="10">Debugging Messages</Option>
         <Option value="20">Informational Messages</Option>
         <Option value="30">Warning Messages</Option>
         <Option value="40">Error Messages</Option>
         <Option value="50">Critical Errors Only</Option>
        </List>
    </Field>
    <Field id="space7" type="label" fontColor="black" alignWithControl="false" fontSize="small">
        <Label>Always be careful when posting debug output to the forums or other public places. You should review it to ensure that it doesn't contain sensitive information.

Debugging Messages = Step by step plugin logging.
Informational Messages = Useful information about plugin health.
Warning Messages = Warnings about settings that may conflict.
Error Messages =  Error messages alert you should address.
Critical Errors Only = Critical errors that should probably be reported.
        </Label>
    </Field>
</PluginConfig>
